,DailyAverageDryBulbTemperature,DailyAverageStationPreure,DailyAverageWindSpeed,DailyCoolingDegreeDay,DailyDepartureFromNormalAverageTemperature,DailyHeatingDegreeDay,DailyMaximumDryBulbTemperature,DailyMinimumDryBulbTemperature,DailyPeakWindDirection,DailyPeakWindSpeed,DailyPrecipitation,DailySnowDepth,DailySnowfall,DailySutainedWindDirection,DailySutainedWindSpeed,DailyWeather,Tommrow DailyAvegerageDryBulb
53,36,29.3,11.8,0,7.4,29,43,28,250,36,0.71,0,0,250,26,RA FZRA FG BR UP,36
102,36,29.36,3.2,0,7.5,29,37,34,260,22,0,0,0,270,17,SN BR UP,31
142,31,29.36,6,0,2.6,34,36,25,250,17,0,0,0,260,13,SN BR,33
181,33,29.37,2.6,0,4.6,32,44,22,300,23,0,0,0,320,17,BR,31
213,31,29.44,8.1,0,2.7,34,38,24,310,25,0,0,0,320,17,BR,32
250,32,29.66,4.6,0,3.8,33,40,24,60,17,0,0,0,80,12,BR,36
276,36,29.62,10.6,0,7.8,29,40,31,50,23,0,0,0,50,18,,34
306,34,29.54,9.6,0,5.9,31,37,31,60,22,0,0,0,50,17,,31
333,31,29.62,5,0,2.9,34,33,28,340,18,0,0,0,340,14,,29
358,29,29.7,4.5,0,1,36,31,26,290,13,0,0,0,320,9,,26
388,26,29.7,6.3,0,-2,39,27,24,320,15,0,0,0,320,12,,32
417,32,29.57,9.7,0,4,33,42,22,220,25,0,0,0,200,17,BR,38
442,38,29.34,9.1,0,10.1,27,48,28,180,23,0,0,0,190,17,,38
478,38,29.03,9.6,0,10.1,27,47,29,300,26,0.04,0,0,270,18,RA,36
519,36,28.92,9,0,8.1,29,40,31,220,26,0,0,0,210,22,SN BR,30
569,30,29.05,7.9,0,2.1,35,35,25,270,26,0.02,0,0,270,18,SN BR,32
630,32,29.15,7.4,0,4.1,33,33,30,270,20,0.05,0,0,290,15,SN BR,35
668,35,29.3,8.1,0,7.1,30,41,28,250,23,0,0,0,250,16,SN,33
693,33,29.55,7,0,5.1,32,42,23,250,36,0,0,0,280,23,,29
724,29,29.57,10.8,0,1,36,36,22,290,45,0,0,0,300,25,,41
749,41,29.24,10.4,0,13,24,51,31,310,23,0,0,0,270,16,,28
774,28,29.44,9.8,0,0,37,37,19,330,26,0,0,0,330,17,,25
799,25,29.7,5.9,0,-3.1,40,37,12,130,19,0,0,0,130,15,,33
833,33,29.47,5.2,0,4.8,32,36,30,120,19,0.06,0,0,120,15,FZRA SN BR UP,33
876,33,29.28,10.6,0,4.8,32,35,31,80,25,0.36,0,0,80,18,RA FZRA BR UP,36
925,36,29.16,8.3,0,7.7,29,39,33,270,26,0,0,0,280,18,RA BR,28
971,28,29.6,8.7,0,-0.4,37,33,23,360,25,0.05,0,0,360,18,SN FZFG BR FG,18
998,18,29.93,4.2,0,-10.5,47,29,7,320,13,0,0,0,320,10,,23
1034,23,29.79,5.2,0,-5.6,42,35,11,140,17,0,0,0,140,14,FZFG BR FG,33
1071,33,29.42,13.3,0,4.3,32,38,28,130,32,0.46,0,0,110,22,RA SN BR,35
1137,35,29.1,9.3,0,6.2,30,39,31,130,29,0.54,0,0,130,22,RA SN BR UP,29
1185,29,29.47,11.9,0,0,36,33,25,330,29,0.01,0,0,320,20,SN BR,29
1218,29,29.57,7.5,0,-0.1,36,34,23,310,19,0,0,0,330,15,,30
1245,30,29.51,4,0,0.7,35,38,21,160,11,0,0,0,330,8,BR,35
1278,35,29.11,14.5,0,5.5,30,40,29,270,42,0.24,0,0,270,30,RA SN BR UP,29
1306,29,29.16,13,0,-0.7,36,35,23,310,41,0,0,0,300,28,SN,24
1338,24,29.42,6,0,-5.9,41,31,16,350,21,0,0,0,10,14,SN BR,12
1369,12,29.58,7.2,0,-18.1,53,20,3,330,22,0,0,0,330,16,,18
1407,18,29.62,5.4,0,-12.3,47,25,11,110,13,0,0,0,90,10,SN BR,23
1446,23,29.62,8,0,-7.5,42,26,19,30,18,0.01,0,0,360,13,SN BR,23
1491,23,29.64,10.4,0,-7.8,42,25,20,20,22,0,0,0,30,17,SN BR HZ,23
1521,23,29.66,12.7,0,-8,42,26,20,60,26,0,0,0,50,21,SN BR,22
1550,22,29.65,9.7,0,-9.3,43,28,15,340,21,0,0,0,340,16,,18
1580,18,29.6,9.8,0,-13.5,47,25,10,330,22,0,0,0,320,16,,11
1614,11,29.74,11.3,0,-20.8,54,19,2,360,25,0,0,0,360,17,SN,11
1682,11,29.57,12.7,0,-21.1,54,15,6,360,30,0,0,0,350,20,SN FZFG BR HZ FG,6
1719,6,29.43,7.1,0,-26.4,59,18,-7,350,18,0,0,0,350,14,SN BR HZ,8
1748,8,29.68,4.2,0,-24.7,57,23,-8,50,17,0,0,0,50,14,BR HZ,19
1798,19,29.64,7.1,0,-14,46,27,10,320,18,0,0,0,310,14,SN BR HZ,11
1829,11,29.72,3.9,0,-22.4,54,25,-4,270,19,0,0,0,260,14,BR,17
1854,17,29.73,5.9,0,-16.7,48,31,2,200,21,0,0,0,200,17,,31
1881,31,29.56,13.1,0,-3,34,45,16,150,42,0.03,0,0,200,29,RA BR,37
1913,37,29.27,12.6,0,2.6,28,41,33,240,36,0.01,0,0,240,25,RA BR,45
1938,45,29.24,9.2,0,10.3,20,55,34,220,28,0,0,0,230,18,,46
1964,46,29.27,10.8,0,10.9,19,57,34,330,31,0,0,0,260,21,,37
2000,37,29.68,4,0,1.6,28,48,26,330,19,0,0,0,10,14,FZFG BR FG,37
2029,37,29.51,9.3,0,1.2,28,49,25,130,22,0.08,0,0,110,17,RA BR,47
2077,47,29.37,5.9,0,10.8,18,57,37,190,19,0.1,0,0,190,13,RA FG BR,50
2139,50,29.22,9.8,0,13.5,15,61,39,290,39,1.08,0,0,300,24,RA BR,37
2170,37,29.54,10,0,0.3,28,44,30,320,28,0,0,0,320,18,,34
2195,34,29.65,5.6,0,-2.9,31,46,21,220,22,0,0,0,190,16,,47
2220,47,29.4,6,0,9.7,18,61,33,260,19,0,0,0,260,14,,41
2245,41,29.55,8.8,0,3.3,24,53,29,350,23,0,0,0,30,16,,37
2270,37,29.69,5.9,0,-1.1,28,50,23,40,19,0,0,0,360,14,,38
2295,38,29.69,2.6,0,-0.4,27,52,23,340,20,0,0,0,320,14,,41
2320,41,29.75,4.1,0,2.2,24,57,25,110,12,0,0,0,170,9,,50
2345,50,29.75,9,0,10.8,15,67,33,220,31,0,0,0,210,20,,53
2370,53,29.67,9.9,0,13.4,12,69,37,190,35,0,0,0,170,23,,59
2395,59,29.47,18.4,0,19,6,67,51,180,45,0,0,0,190,31,,56
2444,56,29.44,9.7,0,15.6,9,66,46,200,37,0.81,0,0,200,28,TS RA BR,50
2469,50,29.72,5.7,0,9.3,15,61,38,30,25,0,0,0,10,14,,46
2494,46,29.76,6.7,0,4.9,19,55,37,70,17,0,0,0,50,13,,43
2519,43,29.63,4.6,0,1.5,22,53,32,90,26,0.01,0,0,90,17,RA,41
2556,41,29.44,15.3,0,-0.9,24,48,33,90,39,0.77,0,0,100,28,TS RA BR,44
2602,44,29.3,4.8,0,1.7,21,49,38,120,21,0.01,0,0,110,14,FG BR,53
2642,53,29.26,9.4,0,10.4,12,63,43,180,23,0.03,0,0,150,16,RA BR,48
2698,48,29.07,15.1,0,5,17,56,40,60,42,1.79,0,0,60,30,RA BR,42
2723,42,29.69,14.6,0,-1.4,23,52,32,30,37,0,0,0,30,25,,44
2748,44,29.82,4.5,0,0.2,21,61,26,80,14,0,0,0,70,13,,49
2773,49,29.67,5.5,0,4.9,16,67,30,220,20,0,0,0,200,16,,53
2798,53,29.49,7.1,0,8.5,12,68,38,170,30,0,0,0,180,22,,58
2823,58,29.22,12.2,0,13.1,7,67,48,180,37,0.05,0,0,160,25,RA,61
2860,61,29.13,14.8,0,15.8,4,71,50,240,41,0,0,0,210,29,,53
2899,53,29.15,7.1,0,7.4,12,62,43,260,45,0.6,0,0,260,30,TS RA BR,50
2941,50,29.32,5.7,0,4,15,55,44,300,37,0,0,0,300,24,RA BR,58
2977,58,29.32,8.9,0,11.6,7,75,40,200,26,0.38,0,0,200,20,TS RA BR,47
3017,47,29.31,15,0,0.3,18,56,38,310,42,0.02,0,0,300,29,RA,45
3042,45,29.52,7.8,0,-2.1,20,61,28,160,27,0,0,0,160,18,,60
3077,60,29.3,14.2,0,12.6,5,73,47,180,42,0.17,0,0,180,30,TS RA BR,43
3103,43,29.54,14.3,0,-4.8,22,52,34,330,37,0,0,0,310,24,,35
3129,35,29.78,10.3,0,-13.2,30,43,27,330,29,0,0,0,320,23,,35
3154,35,29.86,4.3,0,-13.5,30,50,20,220,17,0,0,0,190,12,,51
3179,51,29.66,11.2,0,2.1,14,67,35,210,30,0,0,0,220,20,,58
3204,58,29.54,5.7,0,8.8,7,75,41,260,20,0,0,0,240,14,,61
3229,61,29.4,8.1,0,11.4,4,78,44,210,24,0,0,0,220,17,,67
3254,67,29.31,8.6,2,17.1,0,80,53,200,32,0,0,0,200,21,,68
3279,68,29.22,11.6,3,17.7,0,81,54,190,33,0,0,0,190,23,,62
3318,62,29,13.3,0,11.3,3,68,56,220,37,0.14,0,0,230,25,RA BR,65
3343,65,29.08,11.1,0,14,0,79,51,200,37,0,0,0,210,25,,59
3374,59,28.95,9,0,7.6,6,69,49,250,42,0.23,0,0,240,28,RA BR,50
3419,50,28.82,13.7,0,-1.7,15,51,48,210,32,0.48,0,0,250,23,RA BR,56
3445,56,29.17,9.1,0,3.9,9,67,45,310,28,0,0,0,280,21,,56
3470,56,29.48,4.7,0,3.6,9,66,46,280,24,0,0,0,310,16,RA,52
3495,52,29.47,8.2,0,-0.8,13,61,43,340,31,0,0,0,310,20,,47
3520,47,29.4,7.6,0,-6.1,18,60,34,270,28,0,0,0,320,17,,48
3545,48,29.34,2.8,0,-5.4,17,61,34,30,16,0,0,0,40,10,,52
3570,52,29.28,4.1,0,-1.8,13,63,41,320,21,0.02,0,0,340,15,RA,51
3595,51,29.29,2.8,0,-3.1,14,65,37,330,22,0,0,0,310,17,RA,53
3621,53,29.27,8.8,0,-1.5,12,68,38,240,30,0,0,0,270,20,,39
3665,39,29.39,6.7,0,-15.8,26,46,32,340,22,0.35,0,0,350,16,RA SN FG BR,42
3697,42,29.5,5.4,0,-13.1,23,51,32,300,25,0.01,0,0,240,17,RA,45
3722,45,29.51,6,0,-10.5,20,55,34,270,25,0,0,0,290,17,,48
3747,48,29.46,6.4,0,-7.8,17,61,34,200,25,0,0,0,190,18,,51
3775,51,29.23,4.7,0,-5.1,14,59,43,110,13,0,0,0,110,10,RA FG BR,53
3810,53,29.38,5.8,0,-3.4,12,64,42,340,20,0,0,0,340,14,BR,58
3835,58,29.35,12.9,0,1.2,7,77,38,180,37,0,0,0,170,26,,71
3860,71,29.22,14.8,6,13.9,0,83,58,190,38,0,0,0,190,28,,69
3891,69,29.28,6.6,4,11.6,0,73,64,190,32,0.22,0,0,190,24,RA BR,62
3953,62,29.18,8.6,0,4.3,3,68,56,350,29,0.68,0,0,330,20,RA BR,57
3978,57,29.45,9.7,0,-1,8,70,43,300,39,0,0,0,310,26,,58
4004,58,29.41,10.5,0,-0.3,7,75,41,200,31,0,0,0,200,22,,67
4030,67,29.16,9.5,2,8.4,0,77,56,210,35,0.07,0,0,210,24,RA,66
4075,66,29.01,5.7,1,7,0,73,58,240,18,0.08,0,0,240,14,RA BR,60
4127,60,29.13,8.4,0,0.7,5,69,51,360,24,0.11,0,0,10,17,RA BR,55
4154,55,29.41,8,0,-4.6,10,65,44,320,27,0,0,0,320,20,,52
4186,52,29.46,6.4,0,-7.9,13,63,41,330,26,0.02,0,0,340,18,TS RA,53
4217,53,29.38,9.2,0,-7.2,12,70,35,260,41,0,0,0,260,29,TS RA BR,46
4242,46,29.44,5.3,0,-14.5,19,61,31,170,16,0.12,0,0,160,13,RA,45
4291,45,29.17,10.2,0,-15.8,20,50,39,90,28,0.79,0,0,360,20,TS RA BR,48
4328,48,29.48,2.5,0,-13.1,17,62,34,360,13,0,0,0,190,9,FG BR,52
4353,52,29.61,8.8,0,-9.4,13,60,44,70,27,0,0,0,30,18,,49
4379,49,29.73,7.3,0,-12.7,16,63,35,40,24,0,0,0,30,16,,52
4405,52,29.73,4.8,0,-10,13,68,36,50,20,0,0,0,70,14,,55
4430,55,29.66,2.5,0,-7.3,10,71,39,30,17,0,0,0,90,10,,57
4455,57,29.59,5,0,-5.6,8,72,42,180,25,0,0,0,180,16,RA,64
4480,64,29.52,4.5,0,1.1,1,73,54,130,16,0.01,0,0,190,12,RA,66
4533,66,29.49,8.8,1,2.8,0,72,59,170,28,2.72,0,0,170,22,TS RA BR,70
4558,70,29.52,8.3,5,6.5,0,77,62,150,21,0,0,0,160,15,RA,72
4587,72,29.57,6.4,7,8.2,0,78,65,180,39,0.2,0,0,190,25,RA BR,75
4612,75,29.6,8.2,10,10.9,0,84,65,190,24,0,0,0,140,18,,73
4637,73,29.7,7.2,8,8.6,0,83,62,180,24,0,0,0,210,17,,72
4662,72,29.71,3.5,7,7.2,0,84,59,250,20,0,0,0,300,14,,73
4689,73,29.59,1.9,8,7.9,0,86,60,260,15,0,0,0,250,10,BR,76
4714,76,29.5,3.3,11,10.6,0,87,64,250,17,0,0,0,200,13,,76
4739,76,29.44,5.2,11,10.3,0,87,64,250,30,0.01,0,0,240,22,,74
4774,74,29.41,5,9,8,0,82,66,260,15,0.07,0,0,270,12,RA BR,72
4799,72,29.38,4.9,7,5.6,0,83,60,160,23,0.07,0,0,160,17,RA,60
4855,60,29.21,7.5,0,-6.7,5,68,51,10,22,0.33,0,0,10,16,RA BR,56
4901,56,29.44,9.3,0,-11,9,65,46,30,24,0.08,0,0,30,17,RA BR,56
4926,56,29.6,2.5,0,-11.4,9,71,41,0,0,0,0,0,90,8,,63
4951,63,29.62,3.8,0,-4.7,2,74,51,160,17,0,0,0,160,14,,66
4977,66,29.54,3.7,1,-2,0,75,57,170,15,0,0,0,170,12,RA,65
5023,65,29.35,5.3,0,-3.3,0,70,60,60,16,0.42,0,0,70,12,RA BR,72
5057,72,29.27,4.8,7,3.3,0,81,62,10,19,0.02,0,0,360,13,RA BR,74
5083,74,29.36,6,9,5,0,86,61,220,23,0,0,0,230,15,,73
5108,73,29.36,5,8,3.7,0,86,59,190,21,0,0,0,190,15,,73
5138,73,29.35,7.2,8,3.3,0,83,63,140,23,0,0,0,140,17,RA,77
5186,77,29.34,7.5,12,7,0,84,70,200,22,0.03,0,0,190,16,RA,76
5216,76,29.39,6,11,5.7,0,82,70,190,21,0.02,0,0,200,16,RA,77
5263,77,29.36,4.4,12,6.4,0,83,71,100,15,0.42,0,0,90,10,RA BR,77
5318,77,29.28,1.1,12,6.1,0,85,69,10,20,0.09,0,0,110,12,RA BR FG,80
5371,80,29.2,3,15,8.8,0,92,67,290,22,0,0,0,70,15,TS BR FG,81
5402,81,29.2,2.5,16,9.5,0,93,68,250,27,0.12,0,0,250,20,RA BR,78
5427,78,29.27,6.2,13,6.2,0,91,64,360,20,0,0,0,10,15,,75
5452,75,29.31,8,10,2.9,0,90,60,310,30,0,0,0,330,21,,71
5477,71,29.41,6.8,6,-1.4,0,84,57,360,25,0,0,0,360,16,,71
5502,71,29.42,3.5,6,-1.7,0,85,57,20,17,0,0,0,30,13,,71
5528,71,29.37,3.8,6,-1.9,0,87,54,190,17,0,0,0,180,13,,83
5563,83,29.23,11.5,18,9.8,0,96,70,210,33,0.17,0,0,210,23,TS RA,75
5617,75,29.22,11.5,10,1.6,0,84,66,310,51,3.54,0,0,320,32,TS RA BR FG,82
5645,82,29.1,8.6,17,8.3,0,90,73,220,23,0,0,0,200,15,,72
5685,72,29.1,10.8,7,-1.9,0,81,63,240,30,0.07,0,0,320,18,TS RA,65
5711,65,29.38,3.9,0,-9.1,0,75,54,290,18,0,0,0,290,13,,69
5736,69,29.46,8.4,4,-5.3,0,80,57,180,25,0,0,0,180,20,,70
5768,70,29.44,7.5,5,-4.5,0,82,58,170,27,0.13,0,0,340,18,TS RA,78
5817,78,29.33,10.6,13,3.4,0,84,71,190,30,0.73,0,0,190,20,TS RA BR FG,82
5849,82,29.29,16.1,17,7.2,0,88,76,200,40,0,0,0,200,26,,81
5883,81,29.35,8.5,16,6.1,0,88,73,200,37,0.39,0,0,200,24,TS RA,81
5908,81,29.49,5.2,16,6,0,91,71,160,21,0,0,0,160,17,,83
5933,83,29.52,3.8,18,7.8,0,92,73,250,15,0,0,0,260,12,,77
5992,77,29.46,3.6,12,1.7,0,83,71,240,34,0.44,0,0,240,22,TS RA BR,74
6048,74,29.33,7.1,9,-1.3,0,85,63,10,27,0.85,0,0,10,18,RA BR,68
6073,68,29.39,7.3,3,-7.4,0,78,57,340,22,0,0,0,360,15,,68
6098,68,29.41,4.1,3,-7.5,0,80,55,10,15,0,0,0,360,10,,76
6123,76,29.36,3.3,11,0.5,0,88,63,280,15,0,0,0,250,9,BR,78
6148,78,29.41,3.2,13,2.4,0,89,66,230,17,0,0,0,250,10,BR,79
6178,79,29.43,3,14,3.4,0,90,68,250,15,0,0,0,250,12,BR,82
6207,82,29.33,5.6,17,6.4,0,90,73,200,17,0,0,0,200,13,TS BR,77
6253,77,29.24,6.6,12,1.4,0,86,68,190,36,0.18,0,0,190,26,TS RA,69
6288,69,29.41,3.6,4,-6.6,0,78,60,20,16,0,0,0,10,10,BR FG,73
6331,73,29.33,5.7,8,-2.5,0,79,66,90,23,0.68,0,0,100,15,RA BR,75
6386,75,29.22,4.9,10,-0.5,0,80,69,180,20,0.24,0,0,190,14,RA BR,76
6446,76,29.33,6.4,11,0.5,0,85,66,150,36,0.72,0,0,160,25,TS RA BR FG,77
6487,77,29.41,7.6,12,1.6,0,83,70,270,24,0,0,0,250,18,RA BR,76
6522,76,29.51,4.8,11,0.6,0,87,64,180,19,0,0,0,200,14,BR FG,80
6572,80,29.41,8,15,4.7,0,90,70,260,41,1.24,0,0,260,24,TS RA BR FG,74
6625,74,29.36,5.8,9,-1.3,0,78,69,190,17,0.63,0,0,190,13,TS RA BR,75
6663,75,29.41,3,10,-0.2,0,82,67,340,14,0,0,0,350,10,BR,76
6720,76,29.5,4.3,11,0.9,0,85,66,80,17,0,0,0,80,13,BR FG,74
6745,74,29.49,3.9,9,-1,0,85,63,60,17,0,0,0,40,13,BR,75
6775,75,29.43,2.6,10,0,0,86,63,350,15,0,0,0,340,10,RA BR FG,76
6808,76,29.44,3.3,11,1.1,0,85,66,0,0,0,0,0,40,7,BR HZ,76
6839,76,29.53,3,11,1.2,0,85,67,170,12,0,0,0,140,9,BR HZ,78
6866,78,29.5,3.7,13,3.3,0,88,68,170,19,0,0,0,190,12,BR HZ,80
6896,80,29.36,8,15,5.3,0,90,69,360,44,0.2,0,0,360,30,TS RA BR HZ,80
6937,80,29.31,3.7,15,5.4,0,89,70,60,25,1.62,0,0,60,20,TS RA BR,80
6962,80,29.36,2.6,15,5.5,0,90,69,360,14,0,0,0,60,9,BR,77
6987,77,29.41,1.1,12,2.6,0,90,64,360,11,0,0,0,20,8,BR,79
7037,79,29.41,2.3,14,4.6,0,89,68,240,14,0,0,0,250,10,RA BR FG,81
7071,81,29.34,6.7,16,6.7,0,89,73,250,29,0.16,0,0,250,20,TS RA BR,73
7096,73,29.42,6,8,-1.3,0,81,64,40,19,0,0,0,360,13,,65
7133,65,29.4,2.5,0,-9.2,0,70,60,260,12,0.08,0,0,250,9,RA BR,69
7180,69,29.38,5,4,-5.2,0,81,57,350,19,0,0,0,20,13,FG BR HZ,67
7205,67,29.47,3.3,2,-7.1,0,80,53,60,16,0,0,0,40,10,RA BR,69
7230,69,29.44,4.4,4,-5.1,0,81,57,80,18,0,0,0,80,14,,69
7259,69,29.47,2.3,4,-5,0,83,55,110,15,0,0,0,30,9,FG BR,71
7294,71,29.47,1.3,6,-3,0,85,57,240,12,0,0,0,250,9,BR,73
7319,73,29.42,5.2,8,-0.9,0,85,61,200,21,0,0,0,210,16,RA,77
7344,77,29.39,5,12,3.1,0,88,65,200,18,0,0,0,190,13,,77
7369,77,29.34,7.1,12,3.1,0,89,65,210,25,0,0,0,170,17,BR,77
7421,77,29.33,10.3,12,3.1,0,84,69,170,28,0.53,0,0,170,22,TS RA BR,83
7454,83,29.35,9.2,18,9.2,0,91,74,220,25,0.08,0,0,220,16,TS,82
7481,82,29.34,10.3,17,8.2,0,90,74,190,27,0,0,0,200,18,,81
7519,81,29.36,7.9,16,7.2,0,91,70,330,37,0.51,0,0,320,24,TS RA BR,78
7550,78,29.43,3.7,13,4.3,0,87,68,210,15,0,0,0,220,12,BR,73
7576,73,29.55,6.6,8,-0.7,0,82,64,30,17,0,0,0,70,13,,69
7601,69,29.52,5.9,4,-4.7,0,80,58,60,17,0,0,0,70,13,,74
7634,74,29.41,4.6,9,0.4,0,83,64,40,15,0,0,0,40,9,,76
7676,76,29.36,2.6,11,2.4,0,87,64,140,15,0,0,0,120,10,FG BR,79
7701,79,29.42,2.2,14,5.5,0,88,69,210,14,0,0,0,210,10,BR,79
7752,79,29.43,1.7,14,5.5,0,89,69,230,11,0,0,0,180,7,FG BR,77
7791,77,29.34,2.9,12,3.6,0,89,65,160,15,0,0,0,160,10,FG BR,78
7816,78,29.24,3.9,13,4.7,0,88,67,170,18,0,0,0,160,14,BR,79
7876,79,29.31,1.8,14,5.7,0,91,67,260,10,0,0,0,270,8,RA FG BR,80
7927,80,29.36,2.3,15,6.8,0,92,67,240,17,0,0,0,210,10,BR FG,82
7952,82,29.37,4.1,17,8.9,0,94,70,210,20,0,0,0,210,13,BR,79
7986,79,29.45,4.5,14,6.1,0,87,70,310,31,0.02,0,0,330,20,TS RA,82
8015,82,29.49,6.6,17,9.2,0,92,72,220,19,0,0,0,200,13,TS,81
8040,81,29.44,3.8,16,8.3,0,92,70,170,28,0,0,0,180,20,,81
8065,81,29.49,3.5,16,8.5,0,93,69,190,19,0,0,0,180,12,BR,83
8090,83,29.43,5.2,18,10.7,0,93,72,210,25,0,0,0,210,15,,77
8132,77,29.33,3.5,12,4.8,0,86,68,340,33,0.72,0,0,350,21,TS RA BR,77
8173,77,29.16,5.7,12,5,0,85,68,110,25,0,0,0,100,20,RA FG BR,72
8199,72,29.21,7.1,7,0.3,0,82,61,60,24,0,0,0,30,17,,68
8224,68,29.43,4.3,3,-3.5,0,81,55,70,17,0,0,0,90,12,,68
8249,68,29.44,3.6,3,-3.3,0,79,57,110,15,0,0,0,100,12,,69
8285,69,29.31,6.4,4,-2,0,72,65,200,22,0.56,0,0,200,14,RA BR,70
8322,70,29.28,5,5,-0.7,0,82,57,320,20,0,0,0,360,12,,70
8351,70,29.34,4.5,5,-0.4,0,86,53,230,27,0,0,0,250,15,BR,75
8380,75,29.26,9.7,10,4.9,0,87,63,200,30,0.19,0,0,190,22,TS RA BR,73
8414,73,29.21,5.7,8,3.2,0,82,63,310,21,0,0,0,300,15,BR,66
8439,66,29.34,3.8,1,-3.5,0,79,53,320,20,0,0,0,310,12,,66
8477,66,29.44,3.2,1,-3.1,0,80,52,140,23,0,0,0,180,13,FG BR,73
8502,73,29.39,10.4,8,4.3,0,86,59,190,26,0,0,0,210,17,,78
8527,78,29.46,11.3,13,9.6,0,88,68,220,29,0,0,0,190,20,,75
8556,75,29.46,6.5,10,7,0,89,61,200,26,0,0,0,210,17,BR,81
8595,81,29.29,8.9,16,13.4,0,91,71,260,39,0.52,0,0,280,23,TS RA BR,69
8622,69,29.34,4,4,1.8,0,80,58,30,17,0,0,0,360,12,,69
8649,69,29.42,4,4,2.2,0,83,54,130,16,0,0,0,130,13,,76
8677,76,29.44,1,11,9.7,0,88,63,300,11,0,0,0,160,8,BR,77
8720,77,29.47,1,12,11.1,0,91,63,170,14,0,0,0,180,9,FG BR,76
8766,76,29.44,4.3,11,10.5,0,89,63,180,27,0.02,0,0,170,20,RA FG BR,77
8813,77,29.34,10,12,12,0,83,70,170,28,0.25,0,0,160,20,RA BR,69
8862,69,29.39,7.1,4,4.4,0,77,60,330,25,0.27,0,0,180,16,RA BR,57
8915,57,29.39,8.3,0,-7.1,8,61,53,340,29,0.91,0,0,350,15,RA BR,58
8940,58,29.36,6.8,0,-5.7,7,71,45,270,29,0,0,0,300,18,,60
8965,60,29.41,6.3,0,-3.3,5,77,42,240,22,0,0,0,180,15,,60
8997,60,29.4,5.7,0,-2.8,5,73,46,300,22,0.23,0,0,250,15,RA BR,61
9022,61,29.41,6.7,0,-1.4,4,79,43,210,25,0,0,0,200,17,,74
9047,74,29.29,11.1,9,12.1,0,87,61,200,30,0,0,0,210,21,,74
9075,74,29.29,4.1,9,12.5,0,87,61,200,15,0,0,0,220,10,HZ,73
9112,73,29.38,1.9,8,11.9,0,88,57,30,11,0,0,0,70,7,FG BR,74
9151,74,29.48,2.9,9,13.4,0,87,61,80,10,0,0,0,80,8,FG BR,72
9177,72,29.53,5.5,7,11.8,0,84,59,140,18,0,0,0,140,14,,69
9243,69,29.42,6.5,4,9.2,0,76,62,180,23,0.83,0,0,170,16,RA BR,72
9279,72,29.24,7.8,7,12.6,0,79,64,250,30,0,0,0,250,22,BR,70
9317,70,29.3,3.8,5,11,0,78,61,350,17,0,0,0,340,12,BR,69
9368,69,29.47,4.5,4,10.4,0,79,58,80,14,0,0,0,60,12,FG BR,71
9399,71,29.5,6.8,6,12.8,0,77,65,110,18,0.01,0,0,110,14,RA,68
9436,68,29.44,5,3,10.2,0,73,62,160,18,0.07,0,0,170,13,RA BR,69
9503,69,29.39,2.9,4,11.6,0,79,58,240,16,0,0,0,240,10,FG BR,71
9528,71,29.31,6.7,6,13.9,0,84,57,160,21,0,0,0,180,15,BR,77
9553,77,29.22,10.9,12,20.3,0,85,68,190,29,0,0,0,180,21,,73
9590,73,29.13,12.5,8,16.6,0,83,63,240,50,0.18,0,0,260,33,TS RA BR,63
9621,63,29.32,5.7,0,7,2,75,51,250,21,0.01,0,0,220,14,BR,64
9673,64,29.32,6.1,0,8.3,1,77,51,180,23,0,0,0,170,17,RA FG BR,73
9715,73,29.28,7.6,8,17.6,0,81,64,260,22,0,0,0,250,15,TS RA BR,60
9777,60,29.21,5.8,0,5,5,68,52,310,32,0.29,0,0,330,16,RA BR,53
9802,53,29.42,7.2,0,-1.7,12,63,43,290,30,0.15,0,0,300,17,RA,54
9827,54,29.52,4.5,0,-0.4,11,70,38,310,21,0,0,0,280,14,,55
9852,55,29.52,2.7,0,0.9,10,72,38,240,19,0,0,0,210,14,HZ,55
9877,55,29.52,3.7,0,1.2,10,70,40,200,20,0,0,0,190,15,BR,60
9902,60,29.46,7.7,0,6.5,5,74,45,180,25,0,0,0,180,18,,59
9947,59,29.34,9.5,0,5.8,6,65,52,250,35,0,0,0,270,22,,50
9991,50,29.41,5.5,0,-2.9,15,54,46,250,16,0,0,0,250,12,RA BR,51
10023,51,29.39,3.5,0,-1.6,14,60,42,90,13,0,0,0,90,10,RA FG BR,63
10077,63,29.22,9.1,0,10.7,2,72,53,190,34,0.73,0,0,200,23,TS RA BR,58
10132,58,29.12,13.1,0,6,7,65,50,220,33,0.58,0,0,320,22,TS RA BR,49
10161,49,29.41,4.5,0,-2.7,16,59,39,30,18,0,0,0,20,14,,48
10186,48,29.31,6.3,0,-3.4,17,61,35,100,20,0,0,0,90,15,,52
10230,52,28.93,9.2,0,0.9,13,55,48,110,23,0.42,0,0,110,16,RA BR,57
10284,57,28.86,6.2,0,6.3,8,64,50,340,22,0.14,0,0,340,15,RA FG BR,56
10332,56,28.97,8.1,0,5.6,9,61,51,10,29,0.09,0,0,350,16,RA BR,53
10359,53,29.31,6.9,0,2.9,12,61,44,270,24,0,0,0,320,16,BR,42
10385,42,29.67,5.1,0,-7.8,23,49,34,310,16,0,0,0,300,12,,39
10410,39,29.72,5.3,0,-10.4,26,49,29,350,23,0,0,0,310,15,,38
10435,38,29.74,1.1,0,-11.1,27,50,25,30,16,0,0,0,360,12,BR,39
10460,39,29.69,2.2,0,-9.7,26,52,26,350,17,0,0,0,360,13,BR,40
10485,40,29.7,2.8,0,-8.4,25,53,26,150,17,0,0,0,140,14,,42
10510,42,29.62,1.4,0,-6,23,58,25,200,17,0,0,0,230,12,BR,48
10535,48,29.57,4.4,0,0.4,17,64,31,180,17,0,0,0,170,12,,54
10560,54,29.54,7.1,0,6.8,11,71,36,210,22,0,0,0,200,15,,52
10586,52,29.49,3.7,0,5.2,13,63,40,170,16,0,0,0,180,13,,53
10637,53,29.44,5.7,0,6.6,12,67,38,160,16,0,0,0,130,13,FG BR HZ,50
10678,50,29.15,10.3,0,4,15,59,40,280,32,0.35,0,0,270,21,RA BR,45
10704,45,29.23,12.3,0,-0.6,20,52,37,250,38,0,0,0,250,28,RA,37
10740,37,29.41,9.8,0,-8.2,28,38,36,250,25,0,0,0,260,17,BR UP,39
10785,39,29.29,12.8,0,-5.7,26,42,35,300,44,0.21,0,0,300,25,RA SN BR,34
10810,34,29.48,6.6,0,-10.3,31,42,26,290,25,0,0,0,300,15,RA,46
10840,46,29.37,7.5,0,2.2,19,61,30,190,27,0,0,0,180,18,,55
10874,55,29.28,12.8,0,11.6,10,65,45,200,29,0.24,0,0,320,21,RA BR,37
10899,37,29.61,10.9,0,-5.9,28,45,29,270,32,0.02,0,0,280,22,RA,31
10924,31,29.83,4.4,0,-11.5,34,41,21,170,17,0,0,0,170,13,,42
10949,42,29.62,6.1,0,0,23,53,31,210,25,0,0,0,210,17,RA,45
10981,45,29.47,7,0,3.5,20,52,37,330,34,0.4,0,0,320,23,RA BR,30
11006,30,29.57,7.7,0,-11.1,35,37,23,320,24,0,0,0,320,16,,32
11031,32,29.6,5.5,0,-8.6,33,43,20,190,18,0,0,0,180,14,,45
11056,45,29.47,13.7,0,4.9,20,56,34,200,38,0,0,0,190,26,,42
11099,42,29.46,12.4,0,2.3,23,54,29,310,31,0.37,0,0,310,21,RA BR,27
11125,27,29.59,5.5,0,-12.2,38,32,21,310,22,0,0,0,320,16,,39
11150,39,29.31,7,0,0.2,26,47,30,170,18,0,0,0,170,15,,35
11175,35,29.41,8.2,0,-3.3,30,44,26,310,31,0,0,0,320,22,,33
11200,33,29.46,6.8,0,-4.8,32,45,20,190,27,0,0,0,200,17,,40
11225,40,29.39,4,0,2.6,25,53,27,250,18,0,0,0,240,13,,39
11277,39,29.36,4.9,0,2,26,49,28,170,20,0.23,0,0,160,16,RA FG BR,49
11303,49,29.26,7.4,0,12.5,16,62,36,300,23,0,0,0,300,16,BR,47
11328,47,29.34,4.5,0,10.9,18,62,32,130,15,0,0,0,150,12,,42
11353,42,29.56,7.2,0,6.3,23,52,32,10,19,0,0,0,360,14,,45
11393,45,29.33,10.6,0,9.7,20,61,29,220,30,0.42,0,0,210,20,RA BR,42
11426,42,29.34,13.2,0,7.1,23,58,25,280,39,0.08,0,0,300,24,TS RA BR,23
11451,23,29.6,5,0,-11.5,42,27,19,320,17,0,0,0,310,13,,33
11476,33,29.4,6.7,0,-1.1,32,42,24,240,23,0,0,0,290,15,,38
11507,38,29.25,10.2,0,4.2,27,53,23,180,34,0,0,0,180,24,BR,53
11571,53,29.16,9.1,0,19.6,12,68,37,200,45,0.16,0,0,200,31,RA FG BR,50
11603,50,29.08,14.8,0,16.9,15,68,32,250,46,0.07,0,0,270,31,TS RA SN,38
11628,38,29.59,9.1,0,5.2,27,50,26,200,24,0,0,0,210,17,,43
11653,43,29.62,7.2,0,10.6,22,54,31,240,19,0,0,0,240,14,,45
11678,45,29.68,7,0,12.9,20,58,31,160,19,0.02,0,0,170,14,RA,57
11716,57,29.46,16.4,0,25.1,8,64,50,190,49,0.08,0,0,190,31,RA BR,47
11766,47,29.31,11.1,0,15.4,18,62,32,180,51,0.52,0,0,190,33,RA BR,32
11805,32,29.54,4.6,0,0.7,33,39,25,90,17,0.2,0,0,90,13,RA BR,39
11856,39,29.38,8,0,7.9,26,44,34,310,27,0.61,0,0,320,18,RA BR,33
11895,33,29.69,4.8,0,2.2,32,39,27,90,12,0,0,0,80,9,,32
11920,32,29.6,4.8,0,1.4,33,42,21,220,19,0,0,0,200,14,BR,35
11945,35,29.35,6.9,0,4.6,30,47,23,310,27,0,0,0,310,20,BR,30
11971,30,29.41,6.9,0,-0.2,35,36,24,320,29,0,0,0,330,20,,38
11998,38,29.34,10.6,0,8,27,51,24,210,31,0,0,0,200,22,,56
12026,56,29.1,13.6,0,26.2,9,65,46,190,40,0,0,0,200,24,,57
12070,57,29.01,9.5,0,27.4,8,66,48,210,31,0.47,0,0,220,20,TS RA BR,48
12105,48,29.36,7.1,0,18.5,17,53,43,160,39,0.01,0,0,160,29,RA,54
12148,54,29.09,11.1,0,24.7,11,65,42,160,29,0.02,0,0,170,21,RA BR,40
12202,40,29.09,7.2,0,10.8,25,43,36,110,28,1.05,0,0,100,22,RA FG BR,41
12255,41,29.21,5.4,0,11.9,24,43,38,80,15,0.02,0,0,80,13,RA FG BR,44
12304,44,29.23,4.6,0,15.1,21,50,37,170,14,0,0,0,190,10,RA FG BR,49
12357,49,29.11,6.8,0,20.2,16,61,37,150,20,0.01,0,0,150,15,FG BR,50
12405,50,29.05,8.8,0,21.4,15,62,38,210,25,0.4,0,0,210,16,RA BR,33
12445,33,29.36,11.2,0,4.5,32,38,28,20,24,0.01,0,0,360,17,RA SN BR,27
12477,27,29.71,6.5,0,-1.4,38,31,22,340,19,0,0,0,320,13,,31
12507,31,29.49,10.9,0,2.6,34,39,22,180,36,0,0,0,170,25,BR,28
12534,28,29.2,15.5,0,-0.3,37,39,16,240,43,0,0,0,260,31,,12
12567,12,29.49,10.4,0,-16.2,53,17,7,290,25,0,0,0,310,17,,12
12593,12,29.68,5.8,0,-16.2,53,20,3,310,21,0,0,0,300,14,,28
12629,28,29.6,12.3,0,-0.1,37,40,15,170,32,0.13,0,0,180,23,RA FZRA SN BR UP,30
12669,30,29.6,11.1,0,1.9,35,42,18,320,31,0.22,0,0,330,21,RA BR,23
12694,23,29.89,7.9,0,-5,42,31,14,300,27,0,0,0,300,18,,24
12719,24,29.83,9.5,0,-4,41,35,12,190,27,0,0,0,190,21,,40
12744,40,29.46,8.1,0,12,25,50,29,210,28,0,0,0,220,18,,38
12773,38,29.28,6.5,0,10.1,27,47,28,310,19,0,0,0,330,14,BR,37
12813,37,29.44,6.5,0,9.1,28,41,32,100,16,0,0,0,100,13,BR HZ,29
12848,29,29.55,12,0,1.1,36,35,22,70,27,0,0,0,70,21,SN BR,26
12873,26,29.26,7.5,0,-1.9,39,36,16,320,23,0,0,0,320,15,,27
12910,27,29.2,9.3,0,-0.9,38,30,24,300,27,0.02,0,0,310,18,SN BR,32
12937,32,29.36,10.1,0,4.1,33,46,18,190,31,0,0,0,190,22,,31
12964,31,29.39,11.6,0,3.1,34,43,18,10,29,0,0,0,360,20,,18
12989,18,29.83,8.1,0,-10,47,25,11,340,23,0,0,0,340,16,,20
13017,20,29.87,4.8,0,-8,45,27,12,120,18,0,0,0,80,13,SN BR,24
13042,24,29.7,8,0,-4,41,35,12,220,24,0,0,0,250,20,,29
13075,29,29.34,8.9,0,0.9,36,37,20,300,32,0,0,0,320,23,,31
13103,31,29.16,11.3,0,2.8,34,42,19,340,28,0,0,0,330,17,RA,18
13129,18,29.56,9.4,0,-10.2,47,25,11,330,27,0,0,0,360,18,,12
13154,12,29.83,5.2,0,-16.3,53,22,1,340,19,0,0,0,340,14,,21
13188,21,29.61,7.1,0,-7.4,44,33,9,210,22,0,0,0,200,15,SN,23
13230,23,29.59,6.6,0,-5.5,42,33,13,360,29,0,0,0,360,20,SN BR,16
13255,16,29.55,5.7,0,-12.6,49,27,4,170,21,0,0,0,180,16,,26
13280,26,29.3,7.1,0,-2.7,39,36,15,270,24,0,0,0,300,18,,27
13305,27,29.48,4.9,0,-1.8,38,41,13,160,17,0,0,0,160,14,BR HZ,44
13331,44,29.39,9.2,0,15,21,57,31,190,29,0.03,0,0,210,18,RA,37
13411,37,29.39,9.1,0,7.9,28,46,27,350,30,1.29,0,0,10,21,RA FZRA SN FG BR UP,24
13470,24,29.59,14.8,0,-5.3,41,27,20,30,29,0.21,0,0,20,21,SN FZFG BR FG,20
13496,20,29.68,9.3,0,-9.5,45,26,14,300,27,0,0,0,300,20,SN,12
13528,12,29.82,6.9,0,-17.7,53,20,3,310,25,0,0,0,300,17,,22
13553,22,29.63,6.9,0,-7.9,43,36,7,210,21,0,0,0,210,16,BR,20
13578,20,29.59,6.4,0,-10.1,45,28,11,320,24,0,0,0,320,17,,25
13604,25,29.42,8.8,0,-5.3,40,43,7,200,27,0,0,0,200,17,,39
13629,39,29.21,8.3,0,8.5,26,45,33,260,24,0,0,0,260,18,,33
13656,33,29.34,7.1,0,2.2,32,38,27,260,20,0,0,0,270,15,,38
13692,38,29.13,10.7,0,7,27,44,31,310,28,0.1,0,0,300,20,RA,25
13726,25,29.6,10.9,0,-6.3,40,32,18,290,28,0,0,0,310,22,SN,17
13784,17,29.67,5.2,0,-14.5,48,23,10,320,20,0,0,0,320,14,SN BR,21
13809,21,29.67,3.7,0,-10.8,44,31,10,220,15,0,0,0,210,12,,34
13834,34,29.68,6.9,0,1.9,31,51,17,170,24,0,0,0,180,17,,55
13859,55,29.41,17.2,0,22.6,10,62,48,180,56,0,0,0,190,31,,42
13942,42,29.18,12.7,0,9.3,23,61,22,350,42,2.2,0,0,350,26,RA SN FG BR,24
13970,24,29.56,10.4,0,-9,41,33,15,330,31,0,0,0,320,21,,28
13995,28,29.72,9,0,-5.4,37,35,20,320,42,0,0,0,320,28,SN,38
14020,38,29.52,12,0,4.3,27,55,20,200,35,0,0,0,200,24,,48
14046,48,29.35,11.8,0,14,17,63,33,180,43,0.11,0,0,180,32,TS RA BR,45
14115,45,29.23,11,0,10.6,20,62,28,300,35,0.52,0,0,280,24,TS RA BR,25
14146,25,29.75,9.6,0,-9.7,40,28,22,310,27,0,0,0,320,20,SN,29
14214,29,29.6,7.3,0,-6.1,36,33,25,80,25,0.29,0,0,70,20,FZRA BR,29
14246,29,29.69,8.5,0,-6.4,36,32,26,290,33,0,0,0,290,20,SN BR,28
14272,28,29.88,3.3,0,-7.8,37,36,20,260,12,0,0,0,270,9,,35
14297,35,29.66,3.8,0,-1.2,30,48,21,260,20,0,0,0,260,15,,39
14322,39,29.54,5.9,0,2.5,26,53,24,200,26,0,0,0,210,18,,50
14348,50,29.38,6.7,0,13.3,15,65,34,250,21,0,0,0,250,16,,51
14373,51,29.41,5.5,0,14.1,14,70,31,210,46,0,0,0,210,26,RA,43
14402,43,29.59,10.4,0,5.7,22,56,30,360,24,0,0,0,360,18,HZ,41
14427,41,29.67,7.3,0,3.3,24,56,25,100,18,0,0,0,100,13,,56
14452,56,29.37,14.6,0,17.9,9,74,37,190,49,0.01,0,0,180,30,,55
14489,55,29.33,10.3,0,16.6,10,67,43,210,40,0.46,0,0,210,25,TS RA BR,39
14550,39,29.29,10.9,0,0.2,26,45,33,40,33,1.44,0,0,300,23,TS RA BR,34
14578,34,29.56,2.7,0,-5.2,31,38,30,300,15,0,0,0,300,12,,42
14603,42,29.39,5.8,0,2.4,23,50,33,280,20,0,0,0,280,15,,40
14628,40,29.49,5.2,0,0,25,50,29,10,17,0,0,0,10,13,,32
14673,32,29.42,11.1,0,-8.4,33,39,25,320,32,0.01,0,0,330,22,SN BR,20
14700,20,29.55,13.1,0,-20.7,45,26,14,330,36,0,0,0,330,25,SN,37
14725,37,29.47,12.4,0,-4.1,28,56,18,220,32,0,0,0,230,23,,50
14750,50,29.55,11.5,0,8.5,15,64,36,180,35,0,0,0,190,24,,57
14777,57,29.54,4.6,0,15.1,8,69,44,250,21,0,0,0,240,13,,54
14802,54,29.39,3.7,0,11.7,11,72,36,220,21,0,0,0,180,14,,56
14827,56,29.27,4,0,13.4,9,74,38,180,20,0,0,0,180,14,,54
14870,54,29.12,6.2,0,11,11,62,45,200,19,0.51,0,0,200,14,TS RA BR,48
14930,48,29.16,11.3,0,4.6,17,56,39,230,34,0.17,0,0,240,23,RA BR,49
14955,49,29.51,6,0,5.2,16,65,33,240,24,0,0,0,260,16,,54
14980,54,29.51,6.9,0,9.9,11,72,36,180,25,0,0,0,180,20,,54
15011,54,29.27,13.5,0,9.5,11,58,49,150,51,1.35,0,0,130,33,RA BR,53
15056,53,28.94,13.2,0,8.1,12,61,45,210,40,0.12,0,0,210,31,RA BR,44
15100,44,29.15,12.7,0,-1.2,21,46,42,240,29,0.03,0,0,220,21,RA,45
15140,45,29.2,11.3,0,-0.6,20,52,37,320,39,0.01,0,0,300,26,RA BR,36
15165,36,29.25,13.5,0,-10,29,42,29,330,35,0,0,0,290,24,,33
15190,33,29.49,7.5,0,-13.4,32,41,25,300,25,0,0,0,340,20,,34
15215,34,29.61,5.3,0,-12.7,31,45,22,30,22,0,0,0,360,14,,40
15240,40,29.47,13.3,0,-7.1,25,45,35,120,32,0,0,0,120,24,RA,60
15273,60,28.91,15,0,12.6,5,75,45,180,45,0.58,0,0,180,30,RA BR,48
15330,48,28.87,15.1,0,0.2,17,58,37,220,57,0.05,0,0,260,39,RA BR UP,38
15362,38,29.38,6.3,0,-10.2,27,45,30,310,24,0,0,0,290,16,,42
15394,42,29.39,9,0,-6.5,23,57,26,300,37,0.06,0,0,290,25,RA,46
15426,46,29.41,5.1,0,-2.9,19,60,31,290,25,0,0,0,290,16,BR,54
15452,54,29.26,9.2,0,4.8,11,65,43,190,28,0,0,0,200,21,,51
15492,51,29.1,6.8,0,1.4,14,61,40,150,18,0.16,0,0,150,13,RA BR,54
15528,54,29.01,10.7,0,4.1,11,59,48,310,32,0.32,0,0,300,22,RA BR,46
15554,46,29.07,12.3,0,-4.3,19,51,40,240,39,0,0,0,250,26,,42
15605,42,29.08,10.4,0,-8.7,23,47,37,300,26,0.06,0,0,280,20,RA BR UP,42
15638,42,29.24,7.9,0,-9,23,50,34,300,28,0.01,0,0,320,20,UP,49
15663,49,29.26,12.2,0,-2.4,16,69,28,170,34,0,0,0,160,25,,60
15694,60,29.18,6.4,0,8.3,5,65,54,180,27,0.05,0,0,190,17,TS RA,59
15733,59,29.29,11.6,0,6.9,6,71,46,160,35,0,0,0,180,24,BR,57
15795,57,29.01,14.1,0,4.6,8,69,45,260,45,0.77,0,0,260,29,TS RA BR,47
15825,47,29.33,13.3,0,-5.8,18,60,34,260,43,0.01,0,0,250,29,RA,53
15850,53,29.36,10.1,0,-0.1,12,67,39,230,43,0.1,0,0,210,29,RA,50
15877,50,29.44,10.3,0,-3.4,15,58,41,330,30,0.04,0,0,310,21,RA,45
15902,45,29.55,11.4,0,-8.8,20,55,34,100,26,0,0,0,90,20,RA,
